{
    "bindings": [
        {
            "font": "{f2334898-61cd-48ce-9ff7-3cac76c440f7}",
            "language": "{10b89d12-61d3-4ed5-a931-4ff48313c597}",
            "string": "{51bc0bd5-c466-4059-a128-ef7eef4d835c}"
        },
        {
            "font": "{f2334898-61cd-48ce-9ff7-3cac76c440f7}",
            "language": "{10b89d12-61d3-4ed5-a931-4ff48313c597}",
            "string": "{f6d04b75-63f5-4606-9897-e19cefee14b0}"
        }
    ],
    "defaultLanguage": "{10b89d12-61d3-4ed5-a931-4ff48313c597}",
    "encoding": "ASCII",
    "languages": [
        {
            "properties": {
                "__categories": [
                ],
                "__groups": [
                ],
                "enabled": {
                    "enabled": true,
                    "type": "boolean",
                    "value": true,
                    "visible": true
                },
                "id": {
                    "enabled": true,
                    "type": "uuid",
                    "value": "{10b89d12-61d3-4ed5-a931-4ff48313c597}",
                    "visible": true
                },
                "name": {
                    "enabled": true,
                    "type": "text",
                    "value": "Default",
                    "visible": true
                }
            }
        }
    ],
    "paths": [
    ],
    "strings": [
        {
            "properties": {
                "__categories": [
                ],
                "__groups": [
                ],
                "description": {
                    "enabled": true,
                    "type": "text",
                    "value": "",
                    "visible": true
                },
                "id": {
                    "enabled": true,
                    "type": "uuid",
                    "value": "{51bc0bd5-c466-4059-a128-ef7eef4d835c}",
                    "visible": true
                },
                "name": {
                    "enabled": true,
                    "type": "text",
                    "value": "txtString1",
                    "visible": true
                },
                "path": {
                    "enabled": true,
                    "type": "text",
                    "value": "/",
                    "visible": true
                }
            },
            "values": [
                {
                    "language": "{10b89d12-61d3-4ed5-a931-4ff48313c597}",
                    "value": "DISCONNECTED"
                }
            ]
        },
        {
            "properties": {
                "__categories": [
                ],
                "__groups": [
                ],
                "description": {
                    "enabled": true,
                    "type": "text",
                    "value": "",
                    "visible": true
                },
                "id": {
                    "enabled": true,
                    "type": "uuid",
                    "value": "{f6d04b75-63f5-4606-9897-e19cefee14b0}",
                    "visible": true
                },
                "name": {
                    "enabled": true,
                    "type": "text",
                    "value": "txtString2",
                    "visible": true
                },
                "path": {
                    "enabled": true,
                    "type": "text",
                    "value": "/",
                    "visible": true
                }
            },
            "values": [
                {
                    "language": "{10b89d12-61d3-4ed5-a931-4ff48313c597}",
                    "value": " WBZ DISPLAY"
                }
            ]
        }
    ]
}
